12255476;CAT CHOW VIDA SANA;0.5;36.78;46; CAT CHOW ; VARIOS ; Felinos ; NESTLE S.A. 
12255174;CAT CHOW VIDA SANA;1;66.03;80; CAT CHOW ; VARIOS ; Felinos ; NESTLE S.A. 
12255450;CAT CHOW VIDA SANA;8;390.37;488; CAT CHOW ; VARIOS ; Felinos ; NESTLE S.A. 
12296017;CAT CHOW GATITOS ;0.5;33.44;41; CAT CHOW ; VARIOS ; Felinos ; NESTLE S.A. 
12296016;CAT CHOW GATITOS ;1;60.04;73; CAT CHOW ; VARIOS ; Felinos ; NESTLE S.A. 
12296015;CAT CHOW GATITOS ;8;354.32;444; CAT CHOW ; VARIOS ; Felinos ; NESTLE S.A. 
12296018;CAT CHOW GATITOS ;15;655.61;815; CAT CHOW ; VARIOS ; Felinos ; NESTLE S.A. 
12296010;CAT CHOW ADULTOS;0.5;33.44;41; CAT CHOW ; VARIOS ; Felinos ; NESTLE S.A. 
12296009;CAT CHOW ADULTOS;1;60.04;73; CAT CHOW ; VARIOS ; Felinos ; NESTLE S.A. 
12296007;CAT CHOW ADULTOS;3;152.44;200; CAT CHOW ; VARIOS ; Felinos ; NESTLE S.A. 
12296008;CAT CHOW ADULTOS;8;354.32;444; CAT CHOW ; VARIOS ; Felinos ; NESTLE S.A. 
12296011;CAT CHOW ADULTOS;15;655.61;815; CAT CHOW ; VARIOS ; Felinos ; NESTLE S.A. 
12296005;CAT CHOW ADULTOS DELICIAS SABOR CARNE;0.5;33.44;41; CAT CHOW ; VARIOS ; Felinos ; NESTLE S.A. 
12296003;CAT CHOW ADULTOS DELICIAS SABOR CARNE;1;60.04;73; CAT CHOW ; VARIOS ; Felinos ; NESTLE S.A. 
12297243;CAT CHOW ADULTOS DELICIAS SABOR CARNE;3;152.44;200; CAT CHOW ; VARIOS ; Felinos ; NESTLE S.A. 
12296004;CAT CHOW ADULTOS DELICIAS SABOR CARNE;8;354.32;444; CAT CHOW ; VARIOS ; Felinos ; NESTLE S.A. 
12296006;CAT CHOW ADULTOS DELICIAS SABOR CARNE;15;655.61;815; CAT CHOW ; VARIOS ; Felinos ; NESTLE S.A. 
12296014;CAT CHOW DELI MIX;0.5;33.44;40; CAT CHOW ; VARIOS ; Caninos ; NESTLE S.A. 
12296013;CAT CHOW DELI MIX;1;60.04;73; CAT CHOW ; VARIOS ; Caninos ; NESTLE S.A. 
12296022;CAT CHOW DELI MIX;3;152.44;200; CAT CHOW ; VARIOS ; Caninos ; NESTLE S.A. 
12296012;CAT CHOW DELI MIX;8;354.32;444; CAT CHOW ; VARIOS ; Caninos ; NESTLE S.A. 
12296023;CAT CHOW DELI MIX;15;655.61;815; CAT CHOW ; VARIOS ; Caninos ; NESTLE S.A. 
12296021;CAT CHOW HOGARE¥OS;0.5;36.78;46; CAT CHOW ; VARIOS ; Caninos ; NESTLE S.A. 
12296020;CAT CHOW HOGARE¥OS;1;66.03;80; CAT CHOW ; VARIOS ; Caninos ; NESTLE S.A. 
12296019;CAT CHOW HOGARE¥OS;8;390.37;488; CAT CHOW ; VARIOS ; Caninos ; NESTLE S.A. 
12312184;CAT CHOW PESO SALUDABLE;0.5;36.78;46; CAT CHOW ; VARIOS ; Caninos ; NESTLE S.A. 
12312183;CAT CHOW PESO SALUDABLE;1;66.03;80; CAT CHOW ; VARIOS ; Caninos ; NESTLE S.A. 
12312181;CAT CHOW PESO SALUDABLE;3;167.63;220; CAT CHOW ; VARIOS ; Caninos ; NESTLE S.A. 
12312182;CAT CHOW PESO SALUDABLE;8;390.37;488; CAT CHOW ; VARIOS ; Caninos ; NESTLE S.A. 
